UTC_Seconds_Of_Day,Latitude(deg),Longitude(deg),WGS84_Ellipsoid_Height(m),South-to-North_Slope,West-to-East_Slope,RMS_Fit(cm),Number_Of_ATM_Measurments_Used,Number_Of_ATM_Measurements_Removed,Distance_Of_Block_To_The_Right_Of_Aircraft(m),Track_Identifier
54969.5,69.262002,310.351764,490.3974,0.0773541,-0.0691788,589.57,3723,5,78,1
54969.5,69.262065,310.353395,500.233,-0.0487766,0.0060238,434.12,2185,21,14,2
54969.5,69.262128,310.355026,500.309,0.0687983,0.0775594,777.8,3640,8,-51,3
54969.5,69.262079,310.353741,498.9152,-0.0856004,-0.1110013,472.64,2818,15,0,0
54969.75,69.261648,310.351873,487.1317,0.108085,-0.0788267,520.83,3753,33,78,1
54969.75,69.261711,310.353504,501.2112,-0.0005768,0.0663457,402.6,2115,23,14,2
54969.75,69.261774,310.355135,499.8554,0.0140066,-0.0191254,661.21,3595,0,-51,3
54969.75,69.261725,310.35385,500.6826,-0.0277619,-0.0566907,446.38,2732,30,0,0
54970,69.261291,310.351888,482.6584,0.0902912,-0.099601,522.68,3640,59,82,1
54970,69.261355,310.353557,501.4295,0.0101767,0.0612821,396.69,2255,41,16,2
54970,69.261419,310.355225,499.6704,-0.0348815,-0.007176,503.03,3594,42,-50,3
54970,69.261371,310.353959,501.1722,0.0136094,-0.0554231,373.41,2839,33,0,0
54970.25,69.260937,310.351997,476.6022,0.1531325,-0.1200797,521.56,3499,203,82,1
54970.25,69.261001,310.353665,502.2225,-0.0115631,0.0336714,390.32,2245,58,16,2
54970.25,69.261066,310.355334,500.4745,-0.0301365,0.0764497,472.85,3571,24,-50,3
54970.25,69.261017,310.354068,501.2428,-0.0073865,-0.0668336,420.73,2846,31,0,0
54970.5,69.260582,310.352078,477.3072,0.1074648,0.222031,903.53,3651,0,83,1
54970.5,69.260645,310.353716,502.1442,-0.0196658,-0.0046147,396.07,2259,27,18,2
54970.5,69.260708,310.355354,500.605,-0.012667,0.2266807,527.69,3623,15,-47,3
54970.5,69.260663,310.354177,500.3445,-0.0093876,-0.1174704,451.22,2912,9,0,0
54970.75,69.260226,310.352127,476.1087,0.0885897,0.4573326,989.49,3545,0,85,1
54970.75,69.260289,310.353754,502.7578,-0.0021184,-0.0641797,424.58,2280,36,21,2
54970.75,69.260351,310.35538,500.7568,-0.0103132,0.3693843,580.54,3714,6,-43,3
54970.75,69.260309,310.354285,499.5473,0.0109001,-0.1696589,466.03,2898,22,0,0
54971,69.259873,310.352229,477.1458,0.0377258,0.683546,872.87,3523,0,86,1
54971,69.259935,310.353842,501.5361,0.0447954,-0.1314237,556.4,2313,5,22,2
54971,69.259997,310.355456,501.8587,-0.0088334,0.3936349,623.64,3697,1,-42,3
54971,69.259956,310.354394,498.4757,0.0440447,-0.1288995,605.13,2914,26,0,0
54971.25,69.259519,310.352336,479.1514,0.0311589,0.7282631,847.23,3555,0,86,1
54971.25,69.259581,310.353948,498.198,0.0819298,-0.1342296,622.28,2339,2,22,2
54971.25,69.259643,310.355561,503.4018,0.0077304,0.3679917,697.99,3689,0,-42,3
54971.25,69.259602,310.354502,497.243,0.0183614,-0.0014605,792.54,2983,0,0,0
54971.5,69.259165,310.35243,479.8203,0.0288207,0.6894556,839.57,3566,2,86,1
54971.5,69.259226,310.354014,495.1346,0.1140783,-0.051736,713.03,2298,0,24,2
54971.5,69.259287,310.355598,503.9514,0.0277524,0.2553303,768.55,3726,1,-39,3
54971.5,69.259249,310.35461,496.6962,0.0043819,0.1647353,834.26,2960,0,0,0
54971.75,69.258812,310.352559,479.7771,0.0548355,0.5358918,848.33,3662,0,86,1
54971.75,69.258873,310.354135,491.7798,0.0969727,0.1667544,898.78,2277,0,23,2
54971.75,69.258934,310.35571,505.4307,0.02224,0.0366404,684.9,3672,18,-39,3
54971.75,69.258895,310.354719,496.6524,-0.0067089,0.3886476,575.82,2936,94,0,0
54972,69.258458,310.352631,478.9611,0.0515027,0.4420203,654.25,3667,8,87,1
54972,69.258519,310.354221,490.0243,0.0317789,0.3294069,767.61,2253,19,24,2
54972,69.25858,310.355812,506.4589,-0.0188626,-0.0899285,605.24,3656,1,-39,3
54972,69.258542,310.354827,498.4582,0.0070738,0.438709,569.49,3016,15,0,0
54972.25,69.258103,310.352719,479.4066,0.019727,0.4181734,548.95,3643,6,88,1
54972.25,69.258164,310.354288,489.4715,0.0050235,0.2598328,804.46,2206,0,26,2
54972.25,69.258225,310.355857,506.7784,-0.0270498,-0.1243291,532.67,3711,24,-36,3
54972.25,69.258189,310.354936,498.694,0.045363,0.4110998,699.34,3058,0,0,0
54972.5,69.25775,310.352813,481.1856,-0.038954,0.4268172,559.41,3656,3,88,1
54972.5,69.257811,310.354388,490.7637,-0.0294209,0.1489978,829.35,2252,0,26,2
54972.5,69.257872,310.355963,505.1495,0.0400458,-0.1253758,534.77,3687,48,-36,3
54972.5,69.257836,310.355045,498.2772,0.084575,0.2977497,785.33,3139,3,0,0
54972.75,69.257396,310.352918,484.453,-0.0581561,0.4216437,513.78,3646,3,89,1
54972.75,69.257457,310.354486,491.5103,-0.0560371,-0.0920618,376.83,2140,130,26,2
54972.75,69.257518,310.356054,503.3241,0.0567355,0.0684064,727.78,3711,7,-36,3
54972.75,69.257483,310.355154,496.5568,0.0975362,0.1857326,738.36,3153,3,0,0
54973,69.257043,310.353022,488.0664,-0.0658622,0.3570043,515.22,3622,49,89,1
54973,69.257104,310.354577,491.0504,0.0317132,-0.0639697,478.1,2280,2,27,2
54973,69.257164,310.356132,502.2502,-0.0052292,0.2679745,718.65,3728,8,-34,3
54973,69.25713,310.355263,494.5717,0.0590266,0.160652,670.34,3205,5,0,0
54973.25,69.25669,310.353132,490.2945,-0.0451596,0.1637468,531,3678,70,89,1
54973.25,69.256751,310.354687,489.3765,0.0986017,0.0558159,578.05,2262,26,27,2
54973.25,69.256811,310.356242,503.6692,-0.082841,0.4050931,489.33,3597,59,-34,3
54973.25,69.256778,310.355373,494.4388,-0.0006311,0.2126194,682.61,3228,42,0,0
54973.5,69.256338,310.353249,491.4159,-0.0192752,0.0258197,492.81,3694,55,88,1
54973.5,69.256396,310.354734,487.0366,0.0956837,0.2238256,705.89,2177,2,30,2
54973.5,69.256454,310.356219,505.2249,-0.028432,0.4469292,403.31,3661,88,-29,3
54973.5,69.256425,310.355483,494.568,-0.0165374,0.3334343,695.32,3280,6,0,0
54973.75,69.255983,310.353305,490.848,0.0312422,-0.0377449,549.93,3729,12,91,1
54973.75,69.256041,310.354797,483.7128,0.0580495,0.2329451,692.2,2182,2,32,2
54973.75,69.2561,310.356289,504.6624,0.0953883,0.3113638,636.29,3744,34,-28,3
54973.75,69.256072,310.355593,493.793,0.0621257,0.3926299,713.86,3358,6,0,0
54974,69.255629,310.353403,488.5418,0.0614465,-0.1507596,506.15,3757,33,91,1
54974,69.255687,310.354871,482.0831,0.032058,0.2303172,644.58,2137,3,33,2
54974,69.255745,310.35634,503.4044,0.1103026,0.3046177,659.9,3770,4,-25,3
54974,69.25572,310.355704,493.3416,0.0996268,0.3949113,667.62,3409,12,0,0
54974.25,69.255274,310.353462,484.7665,0.1114113,-0.1465187,492.83,3749,30,93,1
54974.25,69.255333,310.354941,482.6771,-0.0183549,0.1119899,525.53,2110,61,35,2
54974.25,69.255392,310.356421,501.0011,0.0820699,0.3133433,686.44,3745,4,-24,3
54974.25,69.255368,310.355815,492.6947,0.0758759,0.3158446,682.03,3467,4,0,0
54974.5,69.254915,310.353426,479.639,0.1540178,-0.0585471,555.95,3608,12,99,1
54974.5,69.254977,310.354965,483.1882,-0.0245638,0.0677062,499.87,2269,13,38,2
54974.5,69.255038,310.356504,496.076,0.1011241,0.2586295,759.38,3813,0,-23,3
54974.5,69.255015,310.355927,490.3871,0.0535795,0.2220039,660.29,3511,8,0,0
54974.75,69.25456,310.353479,474.5199,0.1616006,0.0490126,599.89,3510,1,102,1
54974.75,69.254623,310.355029,482.5947,0.0237372,0.1024522,546.64,2280,0,40,2
54974.75,69.254685,310.356579,493.1966,0.1553546,0.3309418,672.37,3831,0,-21,3
54974.75,69.254663,310.356039,488.527,0.1018523,0.1918848,609.37,3558,1,0,0
54975,69.254207,310.353587,471.055,0.0821649,0.1458284,583.87,3470,11,102,1
54975,69.25427,310.355129,482.0119,0.0787638,0.0547494,486.65,2287,0,41,2
54975,69.254332,310.356671,490.2974,0.1084762,0.3192213,676.71,3832,0,-21,3
54975,69.254311,310.356153,486.5604,0.1045964,0.1717798,587.36,3557,1,0,0
54975.25,69.253855,310.353702,467.7605,0.0739165,0.2146042,585.32,3505,3,102,1
54975.25,69.253918,310.355246,478.3442,0.1121619,-0.0058308,524.5,2256,18,40,2
54975.25,69.253981,310.356789,486.498,0.0744385,0.2859011,686.69,3872,0,-21,3
54975.25,69.253959,310.356267,482.4108,0.104543,0.1972195,670.16,3587,0,0,0
54975.5,69.253503,310.353817,465.1087,0.086764,0.1540241,646.9,3543,1,102,1
54975.5,69.253566,310.35536,472.6142,0.1522647,0.018204,626.71,2269,2,40,2
54975.5,69.253629,310.356903,484.7484,0.1068774,0.2593718,678.64,3829,0,-21,3
54975.5,69.253608,310.356381,479.2919,0.0939699,0.2672757,662.84,3526,1,0,0
54975.75,69.253153,310.353994,461.8134,0.1294173,0.0846272,595.74,3709,0,99,1
54975.75,69.253215,310.355512,469.6947,0.1132805,0.0932232,749.16,2190,1,39,2
54975.75,69.253278,310.35703,481.788,0.1515669,0.1926258,590.02,3778,9,-21,3
54975.75,69.253256,310.356496,476.9531,0.1112617,0.2339021,661.37,3496,5,0,0
54976,69.252801,310.354125,458.2737,0.0879666,0.1002836,642.05,3757,1,99,1
54976,69.252865,310.35567,467.3236,0.0219781,0.1358053,707.75,2210,0,37,2
54976,69.25293,310.357215,478.2618,0.1428012,0.076074,474.73,3557,199,-24,3
54976,69.252905,310.356612,473.9326,0.0904064,0.1676234,652.76,3465,23,0,0
54976.25,69.252446,310.354155,454.6603,0.0976959,0.1503845,689.78,3614,0,102,1
54976.25,69.252512,310.355734,464.5767,0.042677,0.1572973,681.07,2287,0,39,2
54976.25,69.252578,310.357313,469.5867,0.2423823,-0.0333603,647.52,3759,1,-23,3
54976.25,69.252553,310.356729,469.169,0.1935517,0.0127517,678.25,3342,51,0,0
54976.5,69.252092,310.354227,450.8896,0.0958213,0.1535621,731.33,3572,3,104,1
54976.5,69.252159,310.355824,460.3169,0.2397068,0.0506706,607.81,2210,49,41,2
54976.5,69.252226,310.357421,462.2306,0.2076041,0.0224357,726.62,3823,2,-23,3
54976.5,69.252202,310.356847,461.8451,0.2234264,0.0028018,633.3,3364,4,0,0
54976.75,69.25174,310.354345,445.2048,0.1920207,0.092325,766.88,3650,0,104,1
54976.75,69.251808,310.355942,450.9467,0.3036836,0.0431949,495.24,2310,0,41,2
54976.75,69.251875,310.357539,454.7998,0.1735935,0.0315759,721.15,3820,2,-23,3
54976.75,69.251851,310.356965,453.8084,0.2336073,0.0354199,631.81,3322,17,0,0
54977,69.251384,310.354357,435.7026,0.2852294,0.0897255,726.92,3637,0,108,1
54977,69.251454,310.356006,441.9201,0.2447739,0.0617347,582.08,2272,0,43,2
54977,69.251525,310.357655,446.4042,0.1451975,0.0734105,604.88,3810,3,-23,3
54977,69.2515,310.357084,444.8322,0.1714048,0.0337111,574.78,3213,4,0,0
54977.25,69.251032,310.354476,427.5133,0.2623284,-0.00473,661.17,3714,0,108,1
54977.25,69.251103,310.356125,432.4032,0.1804946,0.073861,453.39,2271,2,43,2
54977.25,69.251174,310.357774,440.3175,0.2284726,0.1248018,467.99,3770,22,-23,3
54977.25,69.25115,310.357203,437.2598,0.2099357,0.1215885,459.79,3244,1,0,0
54977.5,69.250679,310.35456,418.8512,0.171919,0.0485846,546.22,3709,0,110,1
54977.5,69.250751,310.356223,424.3732,0.2003239,0.045514,478.38,2211,0,44,2
54977.5,69.250823,310.357887,431.9467,0.2251298,0.1237696,474.57,3722,20,-22,3
54977.5,69.250799,310.357324,428.87,0.233531,0.1100871,452.09,3144,1,0,0
54977.75,69.250328,310.354681,412.674,0.1063328,0.0624597,479.08,3664,0,110,1
54977.75,69.250401,310.356345,417.3847,0.2365634,0.0197087,403.1,2128,53,44,2
54977.75,69.250473,310.358008,427.3464,0.1105342,0.1140557,626.71,3707,0,-22,3
54977.75,69.250449,310.357445,423.7974,0.1426073,0.1461191,646.1,3086,0,0,0
54978,69.249978,310.354813,409.4159,0.1132474,0.0341101,447.24,3608,4,109,1
54978,69.250051,310.356495,412.1384,0.1129627,0.0377391,584.61,2185,0,43,2
54978,69.250125,310.358178,422.965,0.0802357,0.1694085,551.99,3668,2,-24,3
54978,69.250099,310.357567,418.2213,0.1066301,0.2011625,577.2,3053,3,0,0
54978.25,69.249627,310.35495,405.1681,0.0984549,0.0610461,418.67,3664,24,109,1
54978.25,69.249703,310.35666,409.8895,0.007912,0.1227128,594.62,2185,0,41,2
54978.25,69.249779,310.358369,420.0651,0.0763162,0.1055665,610.08,3504,57,-27,3
54978.25,69.249749,310.357691,416.1536,0.0264218,0.1688042,596.69,2902,38,0,0
54978.5,69.249277,310.355085,400.8936,0.1163624,0.0340109,415.11,3678,21,108,1
54978.5,69.249353,310.356795,408.9133,0.0308121,0.1886148,665.1,2139,8,40,2
54978.5,69.24943,310.358505,417.1988,0.1620962,0.0413855,587.32,3537,20,-27,3
54978.5,69.249399,310.357815,414.5794,0.0990916,0.0947645,712,2886,0,0,0
54978.75,69.248927,310.355223,397.1459,0.1447758,0.0868971,363.93,3596,71,108,1
54978.75,69.249005,310.356951,405.9958,0.1278569,0.1054473,706.25,2177,0,39,2
54978.75,69.249082,310.358679,411.2609,0.1472705,0.0804412,631.37,3549,5,-29,3
54978.75,69.249049,310.357939,408.9565,0.1283577,0.0488887,702.44,2843,0,0,0
54979,69.248577,310.355359,391.2094,0.1828321,0.109478,336.52,3651,68,107,1
54979,69.248656,310.357109,400.5812,0.2374152,0.0948757,573.2,2262,0,38,2
54979,69.248736,310.35886,404.8675,0.1732831,0.080846,713.48,3516,1,-32,3
54979,69.2487,310.358065,403.1206,0.2384067,0.0081491,627.42,2770,23,0,0
54979.25,69.248226,310.355486,384.0073,0.2028476,0.0825935,385.68,3626,40,107,1
54979.25,69.248307,310.357236,392.5971,0.2495065,0.0614569,456.34,2178,29,38,2
54979.25,69.248387,310.358985,399.3725,0.1827204,0.1257846,622.56,3629,0,-32,3
54979.25,69.24835,310.358192,395.5893,0.2168576,0.0712387,613.39,2788,0,0,0
54979.5,69.247874,310.355567,375.099,0.2764497,0.1045178,452.49,3584,34,109,1
54979.5,69.247957,310.357371,383.3794,0.2259036,0.0489846,399.54,2254,20,38,2
54979.5,69.24804,310.359174,391.3103,0.2504661,0.1406017,631.36,3666,0,-34,3
54979.5,69.248001,310.35832,386.6035,0.2158151,0.0932215,579.1,2747,0,0,0
54979.75,69.247519,310.355579,363.4164,0.3188564,0.1208815,486.12,3526,10,114,1
54979.75,69.247605,310.357438,374.6049,0.2397968,0.0978855,491.59,2292,6,40,2
54979.75,69.247691,310.359297,382.9142,0.2408021,0.0992052,643.23,3741,0,-34,3
54979.75,69.247652,310.358448,379.0582,0.2070089,0.0809748,596.4,2703,0,0,0
54980,69.24717,310.355708,352.8931,0.307423,0.1147205,499.71,3523,17,114,1
54980,69.247256,310.357567,365.1891,0.2726333,0.136841,492.98,2185,6,40,2
54980,69.247343,310.359426,375.6551,0.2296204,0.107171,580.61,3725,4,-34,3
54980,69.247303,310.358577,371.1254,0.2555054,0.1088975,516.45,2606,3,0,0
54980.25,69.246821,310.355839,343.572,0.217244,0.1515026,464.04,3424,102,114,1
54980.25,69.246908,310.357701,357.2171,0.2375313,0.1705262,548.69,2119,3,40,2
54980.25,69.246995,310.359563,368.1261,0.1422113,0.1235985,412.47,3695,40,-34,3
54980.25,69.246955,310.358706,363.5781,0.1780482,0.1035287,523.4,2525,0,0,0
54980.5,69.246472,310.355971,337.56,0.1335128,0.1923347,482.73,3448,23,114,1
54980.5,69.24656,310.357846,351.4497,0.1525014,0.1672515,610.79,2133,3,39,2
54980.5,69.246648,310.359722,363.292,0.1402406,0.0918491,356.9,3619,53,-35,3
54980.5,69.246606,310.358836,358.2671,0.1440181,0.1345074,482.24,2499,1,0,0
54980.75,69.246123,310.356105,335.9208,0.0368189,0.2023844,524.3,3376,0,114,1
54980.75,69.246212,310.357989,347.5645,0.0484582,0.1446048,405.57,2069,3,39,2
54980.75,69.2463,310.359872,359.1122,0.1239834,0.1139507,318.73,3590,58,-36,3
54980.75,69.246258,310.358967,353.6327,0.0792278,0.148625,322.08,2420,9,0,0
54981,69.245774,310.356236,335.6747,0.0073017,0.2199367,519.58,3307,13,114,1
54981,69.245863,310.35812,346.0482,0.0509414,0.126071,400.61,2099,7,39,2
54981,69.245952,310.360003,355.1937,0.1043769,0.083353,322.7,3633,17,-36,3
54981,69.24591,310.359098,351.3724,0.0911205,0.1049956,269.11,2359,63,0,0
54981.25,69.245426,310.356373,333.337,0.0879051,0.228239,620.19,3294,0,114,1
54981.25,69.245516,310.358265,345.1164,0.0414828,0.0993845,360,2098,9,38,2
54981.25,69.245606,310.360156,353.4288,0.0311749,0.0837688,317.15,3543,56,-37,3
54981.25,69.245562,310.359229,349.5671,0.044477,0.1146601,298.46,2371,33,0,0
54981.5,69.24508,310.356567,333.2833,0.1142426,0.2040197,554.83,3346,4,111,1
54981.5,69.245171,310.358458,346.0754,0.0017817,0.1268158,410.35,2003,44,36,2
54981.5,69.245261,310.360349,352.0604,0.0388581,0.0651035,456.5,3496,16,-39,3
54981.5,69.245214,310.359361,349.5946,-0.010129,0.0802826,362.93,2285,64,0,0
54981.75,69.244735,310.356747,332.4174,0.0518689,0.2072314,588.83,3378,4,109,1
54981.75,69.244824,310.358623,345.5392,0.0034774,0.1136983,438.88,2033,61,35,2
54981.75,69.244914,310.360499,351.3977,0.0200175,0.0291494,467.71,3476,17,-40,3
54981.75,69.244866,310.359493,348.9332,-0.0044933,0.0897821,431.52,2307,56,0,0
54982,69.244387,310.356888,330.6751,-0.0095461,0.2001716,453.48,3259,43,109,1
54982,69.244478,310.358782,345.5077,0.0415608,0.1367303,455.76,1996,55,34,2
54982,69.244569,310.360676,349.9017,0.0855174,0.0156668,437.25,3461,21,-42,3
54982,69.244519,310.359626,348.2871,0.0537079,0.0464498,504.07,2286,27,0,0
54982.25,69.244041,310.357044,328.0533,0.1800805,0.2293325,670.65,3322,17,108,1
54982.25,69.244133,310.358961,342.0161,0.1692118,0.1018597,523.34,2047,38,32,2
54982.25,69.244225,310.360878,347.4565,0.0596031,0.0047115,496.24,3446,22,-45,3
54982.25,69.244171,310.359759,345.1292,0.1343429,0.0690421,576.1,2294,25,0,0
54982.5,69.243693,310.357177,323.0387,0.2244723,0.1725669,569.39,3349,30,108,1
54982.5,69.243786,310.359094,334.6164,0.2324888,0.086925,525.24,2115,23,32,2
54982.5,69.243879,310.361011,343.3097,0.1345492,0.0635623,473.76,3502,40,-44,3
54982.5,69.243824,310.359892,338.3381,0.2159421,0.1027395,538.44,2326,26,0,0
54982.75,69.243347,310.35732,316.2705,0.1979147,0.1492811,586.3,3433,27,108,1
54982.75,69.24344,310.359254,326.4805,0.2778162,0.0528027,477.81,2114,14,31,2
54982.75,69.243534,310.361189,336.0291,0.2012105,0.1110208,506.52,3492,57,-46,3
54982.75,69.243478,310.360026,329.8134,0.2793064,0.0834628,527.06,2303,25,0,0
54983,69.243001,310.357474,309.0111,0.1673343,0.1924942,530.86,3554,16,107,1
54983,69.243097,310.359449,318.6787,0.1878402,0.0551054,421.08,2107,68,28,2
54983,69.243193,310.361424,330.2453,0.2474369,0.1124885,507.04,3447,39,-50,3
54983,69.243131,310.36016,321.5708,0.2411362,0.1154274,536.62,2279,26,0,0
54983.25,69.242652,310.357571,301.2213,0.248921,0.1426347,452.94,3531,12,108,1
54983.25,69.242749,310.35956,311.7261,0.1687579,0.0753401,336.28,2103,108,29,2
54983.25,69.242846,310.36155,322.6472,0.2013556,0.1287332,397.96,3439,107,-50,3
54983.25,69.242785,310.360294,314.8559,0.1631546,0.1005323,343.47,2165,141,0,0
54983.5,69.242302,310.357629,291.3963,0.2987091,0.1261065,340.49,3455,35,111,1
54983.5,69.242401,310.359649,304.5609,0.2010524,0.0919969,337.34,2055,93,31,2
54983.5,69.2425,310.361669,315.1147,0.1763144,0.1223571,305.95,3441,149,-49,3
54983.5,69.242439,310.360428,307.9266,0.1648846,0.0904873,356.92,2139,88,0,0
54983.75,69.241953,310.357685,281.2358,0.2825446,0.1674948,346.5,3404,25,114,1
54983.75,69.242053,310.359737,296.6285,0.2561263,0.1133272,290.87,2135,13,33,2
54983.75,69.242154,310.361788,308.8847,0.2003548,0.1150146,311.47,3496,118,-49,3
54983.75,69.242094,310.360563,301.4675,0.218814,0.1171612,322.54,2165,30,0,0
54984,69.241607,310.357806,271.684,0.2385204,0.1689498,282.36,3406,46,115,1
54984,69.241709,310.35989,288.0133,0.2482173,0.145542,237.88,2090,48,32,2
54984,69.241811,310.361975,301.4912,0.2281495,0.1046789,273.79,3609,15,-51,3
54984,69.241749,310.360697,293.4467,0.2525916,0.1350636,245.22,2136,41,0,0
54984.25,69.241259,310.35789,263.0219,0.2283465,0.1825155,266.23,3312,60,117,1
54984.25,69.241365,310.360052,279.6744,0.2284673,0.1509245,246.2,2082,28,31,2
54984.25,69.241471,310.362214,293.5909,0.2409403,0.1193763,267.93,3576,22,-55,3
54984.25,69.241404,310.360832,284.9114,0.2286837,0.1335533,270.84,2058,13,0,0
54984.5,69.240916,310.358038,257.0844,0.1879953,0.2029715,316.84,3153,74,116,1
54984.5,69.241023,310.360228,272.8347,0.188776,0.1328601,261.55,2111,14,29,2
54984.5,69.24113,310.362418,285.8562,0.2449277,0.0698605,324.97,3530,9,-58,3
54984.5,69.241059,310.360966,277.4903,0.204471,0.1362859,263.6,2036,15,0,0
54984.75,69.240572,310.358192,251.2127,0.1758823,0.2250336,429.41,3062,131,116,1
54984.75,69.240682,310.360422,267.8263,0.1370705,0.1305716,301.86,1982,59,27,2
54984.75,69.240791,310.362651,277.8182,0.2232608,0.0309109,351.14,3462,4,-62,3
54984.75,69.240715,310.361101,271.1428,0.158652,0.1147033,245.67,1859,85,0,0
54985,69.240229,310.358335,244.8482,0.1699001,0.2192809,563.5,3075,39,115,1
54985,69.240339,310.360582,263.5761,0.1029519,0.1137231,386.72,1950,50,26,2
54985,69.240449,310.36283,270.2845,0.1992463,0.0156759,388.88,3410,4,-63,3
54985,69.240371,310.361235,266.02,0.1347751,0.091291,310.7,1801,80,0,0
54985.25,69.23989,310.35855,240.8724,0.1943933,0.2262289,528.91,3168,51,112,1
54985.25,69.24,310.360807,260.1021,0.1074184,0.0810622,442.77,1869,47,22,2
54985.25,69.240111,310.363065,264.3703,0.1432529,0.0270918,444.24,3280,11,-67,3
54985.25,69.240028,310.361369,262.1952,0.1064595,0.0510322,382.27,1699,71,0,0
54985.5,69.239547,310.358697,235.148,0.1721187,0.2505036,505.33,3294,23,112,1
54985.5,69.239659,310.360981,256.6978,0.1168824,0.0769569,502.75,1889,45,21,2
54985.5,69.239771,310.363266,259.453,0.1027879,0.0420396,412.67,3243,25,-70,3
54985.5,69.239685,310.361502,258.6962,0.1036181,0.0300619,463.67,1631,59,0,0
54985.75,69.239212,310.358985,231.4374,0.1833517,0.2593472,403.86,3436,29,105,1
54985.75,69.239322,310.361226,252.3985,0.1222161,0.0652617,544.48,1845,41,16,2
54985.75,69.239432,310.363466,256.4499,0.0640175,0.0560943,441.15,3254,22,-73,3
54985.75,69.239342,310.361636,253.6941,0.1078887,0.0524655,541.51,1618,48,0,0
54986,69.238871,310.359133,227.2027,0.166615,0.2950535,322.2,3415,67,105,1
54986,69.238981,310.36139,248.5829,0.1141015,0.0579192,674.63,1863,18,15,2
54986,69.239092,310.363647,254.5762,0.0560133,0.0696071,453.9,3304,14,-75,3
54986,69.239,310.361769,249.4688,0.1490147,0.1058947,609.44,1596,28,0,0
54986.25,69.23853,310.359279,222.9906,0.1618679,0.3244076,355.1,3284,84,104,1
54986.25,69.238641,310.36156,245.3148,0.0957558,0.0500595,671.09,1981,12,14,2
54986.25,69.238753,310.363842,253.4185,0.0295496,0.0257758,428.63,3356,27,-77,3
54986.25,69.238658,310.361902,245.6361,0.1259422,0.1357897,593.05,1691,18,0,0
54986.5,69.238189,310.359418,218.6087,0.1500436,0.3317946,375.48,3290,81,104,1
54986.5,69.238301,310.361713,242.1518,0.0683042,0.1117647,699.82,1999,12,13,2
54986.5,69.238413,310.364007,252.0861,0.0481935,0.0513581,476.79,3394,25,-78,3
54986.5,69.238317,310.362035,242.8791,0.0563973,0.1830188,571.97,1690,17,0,0
54986.75,69.23785,310.359591,215.3723,0.1569246,0.319076,390.43,3303,85,103,1
54986.75,69.237963,310.361898,239.4344,0.1022555,0.1754888,684.38,2056,14,11,2
54986.75,69.238075,310.364206,249.3205,0.0868181,0.0661681,450.8,3375,38,-81,3
54986.75,69.237976,310.362168,240.8058,0.0603362,0.2152744,483.3,1728,41,0,0
54987,69.237513,310.359775,211.8128,0.1330428,0.3102741,362.89,3362,83,100,1
54987,69.237625,310.362092,236.3724,0.1189872,0.2287891,460.85,2019,70,8,2
54987,69.237738,310.364409,247.0597,0.0889876,0.0656789,465.68,3363,27,-84,3
54987,69.237635,310.3623,238.4371,0.1064738,0.2130174,431.6,1745,44,0,0
54987.25,69.237177,310.359984,208.9273,0.135903,0.3053422,323.44,3479,88,97,1
54987.25,69.237291,310.362334,234.0538,0.1545447,0.2304328,370.68,1948,91,4,2
54987.25,69.237405,310.364684,244.2292,0.0969031,0.1020725,417,3222,55,-90,3
54987.25,69.237295,310.362431,235.5126,0.1600811,0.2179221,340.37,1664,66,0,0
54987.5,69.236837,310.36012,205.7814,0.1548192,0.3395431,310.52,3340,170,97,1
54987.5,69.236951,310.362476,229.3534,0.1469963,0.2050105,354.32,1944,76,3,2
54987.5,69.237065,310.364833,241.174,0.067673,0.1438987,469.44,3292,0,-90,3
54987.5,69.236956,310.362562,230.4196,0.1554326,0.1963375,319.66,1669,60,0,0
54987.75,69.2365,310.36028,203.4551,0.1674156,0.4048162,382.22,3347,97,96,1
54987.75,69.236613,310.362628,225.5394,0.122589,0.1688693,409.14,1868,46,3,2
54987.75,69.236726,310.364976,238.4097,0.0989218,0.1751912,543,3355,0,-91,3
54987.75,69.236616,310.362692,226.2353,0.1202587,0.1673478,392.62,1599,31,0,0
54988,69.236163,310.360429,199.6558,0.1944706,0.4504733,408.67,3265,132,95,1
54988,69.236277,310.362812,223.0077,0.089751,0.1359978,460.98,1805,76,0,2
54988,69.236391,310.365196,234.6199,0.1538564,0.1543459,576.91,3329,0,-94,3
54988,69.236277,310.362822,223.5427,0.0760458,0.1399138,417.99,1501,82,0,0
54988.25,69.235821,310.360486,193.4899,0.208659,0.4543669,399.58,3165,131,98,1
54988.25,69.235936,310.362899,218.6568,0.0990211,0.1907465,565.75,1778,60,2,2
54988.25,69.236051,310.365311,229.5567,0.1887021,0.1549089,523.39,3433,0,-94,3
54988.25,69.235939,310.36295,219.655,0.0901795,0.1925508,547.51,1456,69,0,0
54988.5,69.235479,310.360502,186.6499,0.1817267,0.4422997,416.89,3044,110,102,1
54988.5,69.235595,310.36296,214.1417,0.1374975,0.2200371,647.79,1815,18,5,2
54988.5,69.235711,310.365417,224.4247,0.1643391,0.1172995,496.17,3474,0,-93,3
54988.5,69.235601,310.363078,215.3617,0.1460817,0.24735,667.61,1465,13,0,0
54988.75,69.235139,310.360582,180.285,0.1670496,0.4094435,357.11,2994,153,104,1
54988.75,69.235256,310.363059,210.0818,0.1483629,0.226979,647.95,1787,20,6,2
54988.75,69.235372,310.365535,219.0118,0.1321025,0.0950714,396.74,3437,8,-93,3
54988.75,69.235263,310.363205,211.3874,0.1462706,0.2508467,677.9,1428,13,0,0
54989,69.2348,310.360654,173.9056,0.1977179,0.3714108,348.99,3033,82,106,1
54989,69.234916,310.363131,204.3191,0.1759694,0.1898609,604.04,1749,38,8,2
54989,69.235032,310.365608,213.9512,0.1462822,0.0998684,417.93,3426,10,-91,3
54989,69.234925,310.363331,206.7862,0.1684367,0.1264407,583.99,1363,45,0,0
54989.25,69.234463,310.360759,167.7056,0.2395213,0.356886,283.09,2958,98,107,1
54989.25,69.234578,310.363247,197.8741,0.2003061,0.1472548,667.83,1748,12,8,2
54989.25,69.234694,310.365734,208.5081,0.1626064,0.1291464,508.75,3364,4,-91,3
54989.25,69.234588,310.363456,200.7785,0.1787498,0.0319102,569.64,1356,24,0,0
54989.5,69.234125,310.360852,159.4291,0.2477687,0.3358705,320.95,3014,44,108,1
54989.5,69.234243,310.363392,190.612,0.2498137,0.1045911,698.79,1693,5,8,2
54989.5,69.23436,310.365931,201.4553,0.2159119,0.1382657,522.28,3259,1,-93,3
54989.5,69.234251,310.36358,193.7615,0.2413093,-0.0565179,487.27,1296,28,0,0
54989.75,69.233787,310.360924,150.2676,0.2732457,0.3194405,338.24,2909,51,110,1
54989.75,69.233906,310.363511,181.3455,0.2589578,0.0894263,681.16,1635,3,8,2
54989.75,69.234025,310.366097,193.6946,0.2617257,0.1304151,495.53,3181,0,-95,3
54989.75,69.233915,310.363704,184.0954,0.2529136,-0.0451662,526.66,1235,8,0,0
54990,69.233451,310.361028,141.2196,0.2889492,0.3136341,342.25,2849,56,111,1
54990,69.233571,310.363649,171.2582,0.2986002,0.0973842,663.34,1605,5,7,2
54990,69.23369,310.36627,185.4947,0.272286,0.1410729,499.55,3107,0,-97,3
54990,69.233579,310.363826,173.1854,0.3127901,0.030728,590.21,1193,8,0,0
54990.25,69.233115,310.361125,132.0382,0.2818886,0.3207145,400.84,2805,58,112,1
54990.25,69.233234,310.363756,159.5453,0.3463201,0.1211355,583.33,1578,1,8,2
54990.25,69.233353,310.366387,176.8215,0.2129047,0.1494248,437.89,3088,6,-97,3
54990.25,69.233243,310.363947,160.5142,0.3661325,0.1362089,560.44,1183,2,0,0
54990.5,69.232779,310.361218,122.7584,0.264451,0.3158885,413.11,2671,44,113,1
54990.5,69.232899,310.363886,148.5031,0.3365578,0.1572933,579.92,1605,54,7,2
54990.5,69.233019,310.366555,171.1363,0.1549862,0.1568817,472.46,3069,16,-99,3
54990.5,69.232907,310.364068,148.8204,0.3476028,0.2465511,518.57,1195,35,0,0
54990.75,69.232441,310.36126,112.4831,0.2786084,0.3011485,421.48,2527,29,116,1
54990.75,69.232562,310.36396,138.192,0.286063,0.2332276,693.17,1727,1,9,2
54990.75,69.232683,310.36666,167.4797,0.0701969,0.1949546,513.5,3031,31,-98,3
54990.75,69.232572,310.364187,138.3594,0.2996644,0.3145741,509.49,1237,35,0,0
54991,69.232106,310.361353,102.4238,0.3008973,0.2755919,432.16,2560,12,117,1
54991,69.232227,310.364063,129.0172,0.2404551,0.2669493,650.97,1813,0,10,2
54991,69.232347,310.366774,165.1049,0.0480549,0.2054197,504.17,3047,43,-98,3
54991,69.232237,310.364306,129.4797,0.2177798,0.3406503,409.39,1294,60,0,0
54991.25,69.231772,310.361475,94.0738,0.256825,0.2644274,428.8,2654,21,117,1
54991.25,69.231893,310.364195,122.9743,0.1921091,0.325192,582.46,1802,26,9,2
54991.25,69.232013,310.366915,163.3626,0.0706938,0.2139255,538.02,3121,37,-99,3
54991.25,69.231903,310.364424,124.2728,0.1668354,0.3500893,417.94,1316,47,0,0
54991.5,69.231439,310.361598,86.7259,0.1837636,0.2673271,418.73,2896,17,117,1
54991.5,69.231561,310.364365,118.6718,0.1068635,0.3212293,430.1,1857,47,7,2
54991.5,69.231683,310.367131,163.4324,0.0822546,0.2120805,575.61,3157,29,-103,3
54991.5,69.231569,310.364541,120.1063,0.1052789,0.3437194,393.15,1364,25,0,0
54991.75,69.231106,310.361715,82.5824,0.1005495,0.2799986,465.14,3091,23,117,1
54991.75,69.231227,310.364482,116.7531,0.0708781,0.3543984,436.72,1899,40,7,2
54991.75,69.231349,310.367249,160.9617,0.0713347,0.215519,602.12,3316,14,-103,3
54991.75,69.231235,310.364658,118.4496,0.0714937,0.3516621,436.32,1371,30,0,0
54992,69.230774,310.36183,83.0133,-0.0087387,0.2802229,594.47,3195,0,117,1
54992,69.230894,310.364597,117.1781,0.0190198,0.3519527,524.75,1898,31,7,2
54992,69.231014,310.367365,158.7664,0.0836118,0.2181192,588.84,3401,19,-103,3
54992,69.230902,310.364774,118.8368,0.011725,0.3488368,543.79,1378,17,0,0
54992.25,69.230441,310.361949,85.51,-0.1004553,0.2964443,471.44,3243,6,117,1
54992.25,69.230562,310.364727,119.2938,-0.0542054,0.3399841,561.39,1945,13,6,2
54992.25,69.230682,310.367505,156.4513,0.1331971,0.2133592,534.42,3403,45,-104,3
54992.25,69.230569,310.364889,120.9093,-0.0645473,0.3341481,570.95,1412,2,0,0
54992.5,69.230111,310.362106,91.0068,-0.1171115,0.3242056,439.42,3332,0,115,1
54992.5,69.230231,310.364903,123.4219,-0.0814013,0.3143523,543.02,1983,6,4,2
54992.5,69.230351,310.367699,153.6114,0.1294176,0.178217,518.1,3417,15,-107,3
54992.5,69.230236,310.365003,124.4202,-0.0889666,0.3213887,527.27,1417,0,0,0
54992.75,69.229784,310.362309,98.5637,-0.1045486,0.3386708,405.16,3436,5,111,1
54992.75,69.229901,310.365074,128.2141,-0.073363,0.2714871,498.42,1978,1,2,2
54992.75,69.230019,310.367839,152.0337,0.0766146,0.1336732,538.22,3399,17,-108,3
54992.75,69.229903,310.365116,128.9342,-0.072214,0.2989097,483.88,1430,0,0,0
54993,69.229454,310.362457,105.2211,-0.1319841,0.3590575,382.84,3447,56,110,1
54993,69.229571,310.365215,132.144,-0.0586439,0.2105751,507.7,2018,2,1,2
54993,69.229687,310.367972,150.2157,0.0566484,0.0857362,463.82,3424,21,-109,3
54993,69.229571,310.365228,132.5839,-0.0485412,0.2384489,476.89,1452,2,0,0
54993.25,69.229124,310.362599,112.1037,-0.165187,0.3371632,421.18,3542,45,109,1
54993.25,69.22924,310.365359,135.5837,-0.0629446,0.1735553,471.21,2041,19,-1,2
54993.25,69.229356,310.36812,148.4093,0.0839288,0.0122516,429.25,3409,47,-110,3
54993.25,69.229239,310.365339,135.6469,-0.0556807,0.2009654,431.35,1458,25,0,0
54993.5,69.228795,310.362761,119.4447,-0.1867204,0.2684763,476.74,3583,50,107,1
54993.5,69.22891,310.365515,138.5493,-0.050283,0.1347735,427.97,2072,21,-3,2
54993.5,69.229025,310.368269,146.8521,0.1092011,-0.0405156,433.04,3340,83,-112,3
54993.5,69.228908,310.36545,138.2388,-0.0432239,0.1499297,401.24,1503,22,0,0
54993.75,69.228468,310.362939,126.7944,-0.1549007,0.2440133,483.17,3618,51,104,1
54993.75,69.228581,310.365666,141.1153,-0.0501592,0.1062375,334.2,2039,52,-4,2
54993.75,69.228694,310.368393,145.5151,0.0255092,-0.072054,503.78,3416,1,-113,3
54993.75,69.228577,310.365559,140.4598,-0.0461313,0.1120367,303.65,1497,53,0,0
54994,69.228139,310.363077,132.9318,-0.1304184,0.208634,429.25,3698,14,103,1
54994,69.228251,310.365792,144.0722,-0.066388,0.1029586,312.48,2083,47,-5,2
54994,69.228363,310.368508,145.0545,-0.0322822,-0.0970493,358.04,3387,34,-113,3
54994,69.228246,310.365668,143.5642,-0.0720215,0.114389,299.23,1558,32,0,0
54994.25,69.227811,310.363229,138.2363,-0.1038153,0.1800773,426.66,3768,17,101,1
54994.25,69.227921,310.365927,147.148,-0.0892574,0.0937135,323.84,2043,56,-6,2
54994.25,69.228031,310.368625,146.4329,-0.0532416,-0.1165926,321.24,3334,65,-113,3
54994.25,69.227915,310.365775,146.9379,-0.0986524,0.1169869,297.38,1525,50,0,0
54994.5,69.227482,310.363334,142.9079,-0.1143358,0.177655,419.82,3794,17,101,1
54994.5,69.227591,310.366031,150.3611,-0.0843111,0.1016892,349.39,2084,52,-6,2
54994.5,69.2277,310.368728,148.9012,-0.0830682,-0.1124085,371.94,3336,32,-113,3
54994.5,69.227585,310.365882,149.9912,-0.0786289,0.1302865,347.8,1555,37,0,0
54994.75,69.227152,310.363441,147.2747,-0.1075083,0.1472799,349.98,3829,39,101,1
54994.75,69.22726,310.366113,153.2962,-0.057796,0.0949387,353.57,2088,61,-5,2
54994.75,69.227367,310.368784,151.6666,-0.1116114,-0.1057338,361.52,3402,9,-111,3
54994.75,69.227255,310.365988,153.0586,-0.0480941,0.1291896,343.58,1576,50,0,0
54995,69.226824,310.363572,150.6096,-0.0819855,0.1186564,354.38,3840,84,100,1
54995,69.22693,310.366228,156.0484,-0.0484121,0.0966992,368.83,2018,69,-5,2
54995,69.227037,310.368884,154.3107,-0.0909342,-0.0858376,452.73,3397,0,-111,3
54995,69.226925,310.366094,155.6886,-0.0402438,0.1341208,372.5,1523,53,0,0
54995.25,69.226492,310.363595,153.6969,-0.0549508,0.1180353,489.5,3825,20,103,1
54995.25,69.226599,310.366278,158.2,-0.0527786,0.0964132,397.93,2150,48,-3,2
54995.25,69.226705,310.368961,156.6871,-0.0480358,-0.0810613,441.36,3396,0,-110,3
54995.25,69.226596,310.366198,157.7872,-0.0524506,0.139644,383.01,1612,48,0,0
54995.5,69.226163,310.363685,156.8947,-0.0776655,0.1068698,564.37,3816,12,104,1
54995.5,69.226268,310.366342,160.1854,-0.0560086,0.0694005,435.77,2055,45,-2,2
54995.5,69.226373,310.368999,158.6276,-0.052852,-0.0567518,432.34,3409,0,-107,3
54995.5,69.226266,310.366302,159.7247,-0.0391204,0.1264638,413.39,1535,44,0,0
54995.75,69.225834,310.363776,159.5324,-0.0951732,0.0808866,621.94,3757,19,104,1
54995.75,69.225939,310.366428,162.0368,-0.0320127,0.0567931,499.85,2061,37,-1,2
54995.75,69.226043,310.36908,160.143,-0.0608424,-0.0303418,468.52,3366,0,-106,3
54995.75,69.225938,310.366405,161.424,-0.0165284,0.1235043,479.65,1534,33,0,0
54996,69.225504,310.36382,161.3154,-0.0684499,0.0428659,645.19,3714,15,107,1
54996,69.225607,310.366454,162.9354,-0.0139423,0.0376319,508.78,2056,26,2,2
54996,69.22571,310.369088,161.9868,-0.0569427,-0.0368017,479.88,3344,0,-102,3
54996,69.225609,310.366507,162.5146,-0.0067787,0.1185107,471.1,1555,20,0,0
54996.25,69.225172,310.36381,161.6386,0.0327942,0.0135697,568.31,3679,14,111,1
54996.25,69.225275,310.366465,164.171,-0.0185826,0.0104565,487.88,2007,28,6,2
54996.25,69.225378,310.36912,163.7967,-0.0406537,0.0030025,484.16,3346,1,-100,3
54996.25,69.225281,310.366608,163.2794,-0.0173992,0.0865983,463.58,1492,22,0,0
54996.5,69.224842,310.363843,160.4871,0.0826654,0.0302423,539.36,3671,23,114,1
54996.5,69.224944,310.366488,164.0552,0.0077828,0.0048974,483.07,1979,28,9,2
54996.5,69.225046,310.369132,164.8507,-0.0404614,0.0410468,470.58,3403,1,-96,3
54996.5,69.224953,310.366709,163.5409,0.0086213,0.0693485,451.51,1481,28,0,0
54996.75,69.224514,310.363932,158.6088,0.0737011,0.0371394,474.04,3706,37,114,1
54996.75,69.224615,310.366554,163.7428,0.0196789,0.0087632,400.45,1984,16,10,2
54996.75,69.224715,310.369175,165.143,-0.0110911,0.0540213,461.66,3426,1,-94,3
54996.75,69.224625,310.366809,163.5611,0.0163265,0.0414469,361.94,1524,16,0,0
54997,69.224185,310.363974,156.2362,0.04853,0.0607938,402.12,3719,42,116,1
54997,69.224285,310.366585,163.3562,0.0283178,0.0065493,396.15,1993,10,13,2
54997,69.224384,310.369195,165.7023,0.0160683,0.0470616,428.16,3489,0,-91,3
54997,69.224297,310.366909,163.2237,0.0209642,0.0311413,351.08,1521,12,0,0
54997.25,69.223856,310.364025,155.278,0.0221638,0.0634507,406.66,3666,22,118,1
54997.25,69.223955,310.366614,161.6467,0.0317096,0.0439897,360.69,2060,18,16,2
54997.25,69.224053,310.369204,165.8158,0.000533,0.0453725,433.06,3528,0,-87,3
54997.25,69.22397,310.367008,162.1862,0.0177529,0.0396108,306.4,1598,16,0,0
54997.5,69.223527,310.364058,154.0428,0.0453964,0.0738853,401.29,3615,12,121,1
54997.5,69.223625,310.366656,161.7408,-0.0005855,0.063465,393.57,2044,22,18,2
54997.5,69.223724,310.369254,165.8712,-0.0213209,0.0496077,399.78,3553,0,-85,3
54997.5,69.223642,310.367107,162.9897,-0.0171619,0.0243352,351.57,1607,0,0,0
54997.75,69.2232,310.364156,153.5958,0.028813,0.1067157,435.91,3618,13,121,1
54997.75,69.223298,310.366754,162.9609,-0.0463367,0.0748306,429.47,2055,34,18,2
54997.75,69.223397,310.369352,167.5456,-0.0465382,0.0602287,419.08,3501,18,-85,3
54997.75,69.223315,310.367206,164.2352,-0.0572912,0.0149779,378.98,1624,5,0,0
54998,69.222873,310.364243,153.8274,0.0323272,0.1481678,517.29,3589,3,121,1
54998,69.22297,310.366816,164.5943,-0.0785887,0.1100157,442.81,1997,28,19,2
54998,69.223068,310.36939,169.1516,-0.0510958,0.063119,481.74,3510,32,-83,3
54998,69.222989,310.367304,166.6674,-0.0913391,0.0257643,425.23,1586,16,0,0
54998.25,69.222546,310.364337,154.4109,0.0036351,0.2147564,512.38,3623,17,122,1
54998.25,69.222643,310.366903,166.9809,-0.034737,0.1027011,479.88,2004,9,20,2
54998.25,69.22274,310.369468,171.2357,-0.0622365,0.05734,552.26,3450,40,-82,3
54998.25,69.222662,310.367402,169.2436,-0.0538263,0.0311117,478.07,1562,7,0,0
54998.5,69.22222,310.364431,155.9385,-0.0054937,0.241078,527.27,3674,18,122,1
54998.5,69.222316,310.366984,169.4454,-0.0460093,0.1074227,494.83,1993,10,20,2
54998.5,69.222413,310.369537,173.1959,-0.0349264,0.0365675,590.16,3424,20,-81,3
54998.5,69.222336,310.3675,171.8367,-0.0637658,0.0510337,498.61,1558,8,0,0
54998.75,69.221892,310.364471,156.004,0.0020583,0.2509618,530.24,3664,7,124,1
54998.75,69.221989,310.367043,171.0754,-0.0465442,0.1219532,492.19,1971,6,22,2
54998.75,69.222086,310.369615,174.6912,-0.0296071,0.0104001,581.57,3430,19,-80,3
54998.75,69.22201,310.367597,174.0118,-0.0469662,0.0896909,510.95,1507,3,0,0
54999,69.221564,310.3645,156.212,0.0111376,0.2488482,490.87,3677,12,127,1
54999,69.221661,310.367093,172.8046,-0.0479008,0.1090787,497.88,2010,17,24,2
54999,69.221758,310.369686,176.4726,-0.0407289,0.0230647,534.8,3366,27,-79,3
54999,69.221684,310.367695,175.1887,-0.0363269,0.0510403,513.81,1533,6,0,0
54999.25,69.221237,310.364546,155.987,0.0229805,0.2323995,480.14,3678,6,129,1
54999.25,69.221335,310.36716,174.8236,-0.024347,0.0888021,525.18,1982,27,25,2
54999.25,69.221432,310.369773,178.0891,-0.0523839,0.0277217,449.94,3321,60,-79,3
54999.25,69.221358,310.367791,177.1148,-0.014378,0.0264442,524.2,1512,26,0,0
54999.5,69.220911,310.364618,155.9568,-0.0051051,0.2168822,430.44,3705,16,130,1
54999.5,69.221008,310.367241,175.119,-0.0083726,0.061589,562.03,2047,29,26,2
54999.5,69.221106,310.369865,178.9728,-0.0254422,0.0458574,449.1,3333,50,-78,3
54999.5,69.221033,310.367888,177.0983,0.0001478,-0.0120277,534.75,1570,34,0,0
54999.75,69.22058,310.364582,156.0077,-0.0125512,0.2115413,438.03,3648,17,135,1
54999.75,69.220678,310.367213,174.6382,0.0310127,0.0549937,573.51,2086,31,31,2
54999.75,69.220777,310.369844,179.9057,-0.0126265,0.0877904,445.09,3376,43,-74,3
54999.75,69.220707,310.367984,176.4192,0.0189407,-0.0394164,523.94,1613,42,0,0
55000,69.220254,310.364655,157.7623,-0.0432242,0.2206434,483.91,3580,40,136,1
55000,69.220351,310.367239,173.6828,0.0473933,0.0685434,540.28,2079,29,33,2
55000,69.220447,310.369822,180.1382,-0.0146466,0.086939,500.75,3508,18,-69,3
55000,69.220382,310.368081,175.975,0.0364401,-0.0286351,523.17,1670,30,0,0
55000.25,69.219929,310.364739,159.4788,-0.0364068,0.2031492,490.38,3606,42,136,1
55000.25,69.220024,310.367299,173.1613,0.0210665,0.0812176,527.46,2079,14,35,2
55000.25,69.22012,310.369859,180.1618,-0.0015184,0.0624689,635.35,3577,3,-67,3
55000.25,69.220057,310.368177,175.1097,0.0103507,-0.0222131,479.13,1724,11,0,0
55000.5,69.219604,310.364825,161.0834,-0.0170845,0.2141084,522.67,3587,41,137,1
55000.5,69.219698,310.367363,173.4053,-0.0186353,0.0895394,503.41,2064,16,36,2
55000.5,69.219793,310.369901,180.7246,0.0154286,0.0277706,674.67,3607,2,-65,3
55000.5,69.219732,310.368273,175.3316,-0.0292701,-0.0080098,439.19,1740,10,0,0
55000.75,69.219279,310.364915,163.2012,-0.0154922,0.2170562,545.57,3592,32,137,1
55000.75,69.219373,310.367431,175.1155,-0.0609257,0.0906319,485.04,2010,13,37,2
55000.75,69.219467,310.369947,181.1883,-0.0101371,0.0005655,638.33,3699,1,-63,3
55000.75,69.219408,310.368369,176.7598,-0.05262,-0.0036177,403.8,1733,6,0,0
55001,69.218954,310.36502,164.4107,-0.0265418,0.2039641,573.55,3644,11,137,1
55001,69.219048,310.367532,177.0507,-0.0501739,0.071885,488.47,2027,17,37,2
55001,69.219142,310.370045,181.9277,-0.0407852,-0.0041808,616.57,3626,3,-63,3
55001,69.219083,310.368466,178.0135,-0.0408095,0.015454,378.36,1734,12,0,0
55001.25,69.21863,310.365131,166.7736,-0.07371,0.1791364,607.92,3616,0,136,1
55001.25,69.218724,310.367629,179.3034,-0.052476,0.0401742,470.94,2016,9,37,2
55001.25,69.218818,310.370127,183.9191,-0.0713433,0.0231606,527.19,3609,10,-62,3
55001.25,69.218759,310.368562,180,-0.0413815,0.0320634,399.88,1671,33,0,0
55001.5,69.218306,310.365234,170.2048,-0.1134889,0.1163158,639.41,3610,0,136,1
55001.5,69.218399,310.36771,181.8548,-0.0573033,0.0127893,439.07,1989,37,38,2
55001.5,69.218492,310.370186,186.8965,-0.1008516,0.0554949,482.04,3536,17,-61,3
55001.5,69.218435,310.368659,182.4962,-0.0640501,0.0910309,440.57,1686,34,0,0
55001.75,69.217982,310.36533,174.3279,-0.1447526,0.0953375,578.6,3616,0,136,1
55001.75,69.218075,310.367804,185.0571,-0.1173258,-0.0034954,463.99,2028,46,38,2
55001.75,69.218168,310.370277,189.7508,-0.0999464,0.0693269,447.83,3446,50,-60,3
55001.75,69.218111,310.368755,185.4365,-0.1002347,0.1001623,410.06,1693,54,0,0
55002,69.217659,310.365436,178.476,-0.0810597,0.1022957,656.53,3625,0,136,1
55002,69.217751,310.367886,189.6046,-0.1495269,-0.0147066,499.75,1986,56,38,2
55002,69.217843,310.370337,193.6674,-0.0842969,0.0590639,436.49,3480,37,-59,3
55002,69.217787,310.368852,189.844,-0.1162886,0.1058435,499.63,1711,25,0,0
55002.25,69.217336,310.365571,181.7952,-0.0410129,0.1083931,707.03,3660,7,134,1
55002.25,69.217427,310.367979,193.3499,-0.1263694,-0.0001382,647.56,2006,13,38,2
55002.25,69.217518,310.370387,197.9453,-0.1094102,0.0696819,424.36,3418,61,-57,3
55002.25,69.217464,310.368949,194.2883,-0.1257978,0.0709559,482.91,1726,55,0,0
55002.5,69.217012,310.365668,183.919,-0.0027853,0.1604075,660.68,3676,12,134,1
55002.5,69.217103,310.368076,199.0932,-0.122972,0.0471652,609.89,2088,33,38,2
55002.5,69.217195,310.370485,202.2614,-0.1491343,0.0895293,433.14,3439,44,-57,3
55002.5,69.21714,310.369046,199.521,-0.1396599,-0.0130692,469.31,1792,55,0,0
55002.75,69.216688,310.365756,186.703,-0.0432691,0.2432662,734.37,3657,3,134,1
55002.75,69.216779,310.368147,203.9817,-0.1489986,0.0595865,569.54,2046,43,40,2
55002.75,69.21687,310.370537,207.3507,-0.1413649,0.0758582,488.68,3460,17,-55,3
55002.75,69.216817,310.369143,204.5752,-0.1390343,-0.0260759,473.93,1802,51,0,0
55003,69.216364,310.36584,190.7401,-0.0802558,0.3072927,720.24,3582,13,135,1
55003,69.216454,310.368212,209.1972,-0.1551638,0.0727352,462.01,2098,55,41,2
55003,69.216545,310.370583,212.3173,-0.1115275,0.067372,496.64,3467,12,-53,3
55003,69.216494,310.369241,209.7929,-0.1585795,-0.0334936,431.55,1861,53,0,0
55003.25,69.21604,310.365934,195.81,-0.1020454,0.3775746,562.04,3508,32,135,1
55003.25,69.216131,310.3683,214.0384,-0.1055761,0.0715577,411.83,2182,23,41,2
55003.25,69.216221,310.370666,216.7857,-0.1077397,0.0549713,520.54,3353,57,-53,3
55003.25,69.216171,310.369339,214.7184,-0.1413251,-0.0419855,403.35,1893,41,0,0
55003.5,69.215717,310.366029,200.9337,-0.0744887,0.4237189,485.72,3494,11,135,1
55003.5,69.215807,310.368386,217.9806,-0.0635258,0.0756591,398.4,2146,44,42,2
55003.5,69.215898,310.370744,220.0632,-0.0824896,0.0310276,526.33,3334,61,-52,3
55003.5,69.215848,310.369437,218.9432,-0.1062273,-0.0331898,435.51,1908,24,0,0
55003.75,69.215393,310.366116,202.8121,0.0016026,0.3816082,530.73,3508,2,136,1
55003.75,69.215483,310.36845,219.2256,-0.0198299,0.0645671,428.58,2213,12,43,2
55003.75,69.215573,310.370784,221.2155,-0.0160522,0.0017155,634.01,3452,6,-50,3
55003.75,69.215525,310.369536,220.7487,-0.019941,-0.0307257,464.13,1983,11,0,0
55004,69.215071,310.366232,203.9844,0.0603398,0.3714956,474.75,3529,7,135,1
55004,69.215161,310.368552,220.5461,-0.0173048,0.0634097,489.89,2203,10,43,2
55004,69.21525,310.370872,224.1003,-0.0741029,0.0466498,790.68,3417,1,-49,3
55004,69.215203,310.369635,222.0045,-0.016871,-0.0042428,577.4,1970,26,0,0
55004.25,69.214747,310.36631,205.2173,0.0159956,0.3964659,586.75,3501,3,136,1
55004.25,69.214835,310.368587,222.8639,-0.0586452,0.0560383,528.27,2179,13,46,2
55004.25,69.214924,310.370864,228.6619,-0.1727376,0.1001567,751.89,3523,12,-45,3
55004.25,69.21488,310.369734,225.2936,-0.0950754,0.0468334,665.21,2019,3,0,0
55004.5,69.214424,310.366404,206.7072,-0.0649095,0.3782972,560.94,3508,1,136,1
55004.5,69.214512,310.368671,224.1898,-0.0799565,0.0364678,466.9,2150,39,46,2
55004.5,69.214601,310.370937,232.9903,-0.1921089,0.1021575,726.37,3561,0,-44,3
55004.5,69.214558,310.369834,227.8286,-0.1361201,0.1396157,576.24,2016,26,0,0
55004.75,69.2141,310.366489,210.5359,-0.1052522,0.3885559,538.3,3497,4,137,1
55004.75,69.214188,310.368722,226.9026,-0.06699,0.0446894,538.7,2113,21,48,2
55004.75,69.214276,310.370956,238.4859,-0.0540518,0.1224698,532.66,3504,100,-41,3
55004.75,69.214236,310.369935,231.8225,-0.0741662,0.1891518,615.65,2027,21,0,0
55005,69.213778,310.366611,212.2929,0.0070912,0.3164804,694.73,3519,1,136,1
55005,69.213865,310.368816,228.9019,-0.0203442,0.0684706,539.28,2105,25,48,2
55005,69.213953,310.371022,240.8973,-0.0149152,0.1050108,436.29,3634,31,-39,3
55005,69.213914,310.370036,234.9892,-0.0218085,0.2166988,460.55,2073,36,0,0
55005.25,69.213454,310.366687,213.3736,0.0350628,0.2876152,659.09,3506,1,137,1
55005.25,69.213542,310.368903,230.1018,-0.0387748,0.0809278,568.43,2159,18,49,2
55005.25,69.213631,310.371119,242.0928,-0.0295385,0.0825382,432.37,3666,51,-39,3
55005.25,69.213592,310.370138,236.6342,-0.0311798,0.2225901,495.18,2117,28,0,0
55005.5,69.213131,310.366783,215.1022,0.0019576,0.2969673,699.88,3463,1,137,1
55005.5,69.213219,310.368986,231.1527,-0.0124346,0.0781973,576.75,2141,8,50,2
55005.5,69.213308,310.371189,242.4136,-0.0139364,0.1156182,404.91,3680,63,-38,3
55005.5,69.21327,310.37024,237.1817,0.0091326,0.1968558,531.39,2135,12,0,0
55005.75,69.212808,310.366883,215.1743,-0.0648246,0.2855216,571.69,3439,13,137,1
55005.75,69.212897,310.369078,231.1535,-0.0010008,0.1039618,568.36,2151,10,50,2
55005.75,69.212986,310.371273,243.2148,-0.0038993,0.0974631,481.06,3692,28,-37,3
55005.75,69.212948,310.370343,238.2396,0.0053949,0.1849444,548.95,2120,14,0,0
55006,69.212486,310.366987,217.468,0.0310206,0.2146943,465.36,3345,152,137,1
55006,69.212575,310.36918,231.9804,0.0242239,0.142734,587.91,2195,6,50,2
55006,69.212665,310.371374,243.6835,-0.0073091,0.1164545,527.2,3707,14,-37,3
55006,69.212627,310.370447,239.1334,0.0025086,0.1323251,563.48,2170,13,0,0
55006.25,69.212166,310.367147,215.5844,0.125821,0.1634672,428.88,3531,68,135,1
55006.25,69.212254,310.3693,230.632,0.0429929,0.1642302,601.69,2140,4,50,2
55006.25,69.212343,310.371454,243.7872,-0.0134165,0.1387711,490.86,3691,15,-36,3
55006.25,69.212306,310.370551,238.5767,-0.0085186,0.1543702,565.38,2176,10,0,0
55006.5,69.211844,310.367265,212.5985,0.1326647,0.1786752,535.58,3641,8,135,1
55006.5,69.211933,310.369417,229.3084,0.0793916,0.2044547,575.75,2203,4,49,2
55006.5,69.212022,310.371568,244.1005,0.0181801,0.09816,537.02,3657,24,-36,3
55006.5,69.211984,310.370656,238.8633,0.0441206,0.1717405,554.51,2234,9,0,0
55006.75,69.211523,310.367378,211.0983,0.0390289,0.1527338,648.46,3652,0,134,1
55006.75,69.211612,310.369526,228.8001,0.0592113,0.2193611,557.47,2216,0,49,2
55006.75,69.211701,310.371675,243.0575,0.0738347,0.0814451,489.23,3606,113,-36,3
55006.75,69.211663,310.370762,238.3704,0.0477952,0.1554795,491.99,2281,4,0,0
55007,69.211201,310.367484,211.2673,-0.0540309,0.1946869,589.98,3621,1,134,1
55007,69.211291,310.369632,227.0576,0.0278137,0.1696661,542.14,2199,5,49,2
55007,69.211381,310.371781,239.8383,0.107564,0.1129075,637.38,3708,35,-36,3
55007,69.211343,310.370868,235.0893,0.1104488,0.136047,604.65,2261,2,0,0
55007.25,69.21088,310.367592,215.4389,-0.122619,0.1864555,638.54,3619,1,134,1
55007.25,69.21097,310.36974,226.7184,0.023906,0.1414725,592.4,2216,21,49,2
55007.25,69.21106,310.371888,238.2439,0.0401204,0.0964677,792.45,3723,7,-36,3
55007.25,69.211022,310.370975,233.9984,0.0688624,0.1196838,773.68,2246,29,0,0
55007.5,69.210561,310.367755,218.2782,-0.076329,0.0903387,619.37,3693,1,132,1
55007.5,69.21065,310.369872,228.3422,-0.0012038,0.2032482,649.61,2176,21,48,2
55007.5,69.21074,310.371989,239.6458,-0.0766533,0.0966617,842.39,3725,0,-36,3
55007.5,69.210701,310.371082,236.3773,-0.0706501,0.1160002,898.25,2269,0,0,0
55007.75,69.210238,310.367837,217.4882,0.049866,0.0618532,765.5,3680,0,133,1
55007.75,69.210328,310.369938,229.2334,-0.0418998,0.2435333,725.95,2133,2,50,2
55007.75,69.210417,310.37204,240.7862,-0.0724608,0.1272533,824.12,3759,0,-34,3
55007.75,69.210381,310.37119,237.5309,-0.1328292,0.0774943,879.62,2304,0,0,0
55008,69.209917,310.367945,218.3584,0.0721102,0.047782,791.63,3667,5,133,1
55008,69.210007,310.370048,230.0461,0.0132998,0.2841377,684.05,2150,17,50,2
55008,69.210098,310.37215,245.219,-0.0936905,0.1166576,738.58,3679,2,-34,3
55008,69.210061,310.371299,241.0355,-0.0343475,0.1443699,852.5,2315,0,0,0
55008.25,69.209595,310.368041,218.7625,-0.05433,0.1017535,767.9,3621,3,134,1
55008.25,69.209685,310.370114,230.5957,0.0331545,0.261697,610.94,2094,14,51,2
55008.25,69.209775,310.372187,246.4544,0.0029375,0.1659117,719.76,3760,0,-31,3
55008.25,69.209741,310.371409,241.5749,0.0832279,0.1671919,653.02,2328,12,0,0
55008.5,69.209274,310.368153,220.8354,-0.1377742,0.1474325,610.97,3552,18,134,1
55008.5,69.209365,310.370224,232.639,-0.0734517,0.1925277,566.42,2044,63,52,2
55008.5,69.209456,310.372296,246.3085,0.0092018,0.163797,697.08,3728,2,-31,3
55008.5,69.209422,310.371519,241.7437,-0.0041912,0.1335565,724.42,2347,3,0,0
55008.75,69.208954,310.368278,223.6306,0.0174416,0.1957225,644.98,3543,20,133,1
55008.75,69.209045,310.370344,232.6711,-0.0143603,0.1622773,658.39,2195,2,51,2
55008.75,69.209136,310.37241,247.387,0.0680391,0.1411554,666.26,3729,0,-31,3
55008.75,69.209102,310.371631,241.9044,-0.003411,0.2166357,660.39,2373,0,0,0
55009,69.208635,310.368417,223.848,0.0682861,0.1484021,494.62,3577,6,132,1
55009,69.208726,310.370472,233.4965,0.0443952,0.1481798,607.95,2154,6,51,2
55009,69.208818,310.372527,245.7463,0.0434222,0.1371213,687.19,3745,8,-31,3
55009,69.208783,310.371743,241.0491,0.0293663,0.1505768,687.31,2376,7,0,0
55009.25,69.208314,310.368501,221.989,0.0981168,0.1683133,507.04,3521,12,133,1
55009.25,69.208406,310.370568,232.1526,0.1267534,0.1242153,546.87,2187,14,51,2
55009.25,69.208499,310.372634,244.4004,0.0545809,0.136505,713.39,3748,15,-31,3
55009.25,69.208464,310.371856,239.4131,0.1481249,0.1441532,676.49,2374,8,0,0
55009.5,69.207994,310.368614,220.7275,0.0288008,0.2187298,517.21,3566,4,133,1
55009.5,69.208087,310.370681,228.7052,0.0445111,0.0726245,598.55,2192,36,51,2
55009.5,69.20818,310.372748,243.8683,0.0440354,0.1800653,689.09,3782,30,-31,3
55009.5,69.208145,310.371969,237.0388,0.1081999,0.2357552,732.43,2341,35,0,0
55009.75,69.207675,310.368736,220.0791,0.054348,0.2101811,529.22,3577,5,133,1
55009.75,69.207769,310.370819,230.3698,-0.0242583,0.1081792,691.65,2226,11,50,2
55009.75,69.207863,310.372902,243.6126,0.0209409,0.1354697,692.23,3775,26,-33,3
55009.75,69.207826,310.372083,237.7433,-0.0514858,0.1944594,771.97,2365,7,0,0
55010,69.207356,310.368852,219.1636,0.0625605,0.2808652,622.54,3520,55,133,1
55010,69.20745,310.370934,231.0208,-0.0734168,0.1312457,696.16,2198,6,50,2
55010,69.207545,310.373016,245.1719,0.0130466,0.0240382,557.51,3715,128,-33,3
55010,69.207508,310.372198,239.3243,-0.1015932,0.2033782,713.67,2362,1,0,0
55010.25,69.207043,310.369103,222.12,-0.0023296,0.2429751,779.81,3682,12,128,1
55010.25,69.207136,310.371134,234.8054,-0.0718255,0.1683294,658.77,2147,9,47,2
55010.25,69.207229,310.373164,244.754,0.0233299,0.0290611,575.1,3786,16,-34,3
55010.25,69.20719,310.372313,242.1716,-0.0061083,0.0857116,664.57,2335,30,0,0
55010.5,69.206724,310.369219,224.0843,-0.0933606,0.2470644,742.28,3620,24,128,1
55010.5,69.206817,310.371249,238.2825,-0.0282572,0.2201894,527.9,2187,5,47,2
55010.5,69.206911,310.373279,245.2851,-0.0308078,0.0057364,528.55,3759,48,-34,3
55010.5,69.206872,310.372429,244.5571,-0.0061854,0.0163147,545.11,2387,5,0,0
55010.75,69.206406,310.369338,227.008,-0.0904295,0.2362716,796.73,3582,2,128,1
55010.75,69.2065,310.371372,239.1566,-0.0083959,0.164987,532.54,2197,10,47,2
55010.75,69.206594,310.373405,246.584,-0.0532321,0.0315072,599.28,3802,4,-34,3
55010.75,69.206554,310.372545,244.9009,-0.0251723,0.0687743,605.99,2399,1,0,0
55011,69.206095,310.369621,231.9281,-0.0355877,0.1666752,656.11,3672,24,121,1
55011,69.206186,310.371588,241.7187,-0.0175895,0.1539267,565.12,2094,42,43,2
55011,69.206278,310.373555,247.9548,-0.0500892,-0.0013454,671.54,3689,0,-36,3
55011,69.206236,310.372661,247.042,-0.0945377,0.063643,650.98,2372,0,0,0
55011.25,69.205777,310.369743,233.3942,0.0012453,0.1957909,676.59,3597,3,121,1
55011.25,69.205869,310.371716,246.6538,-0.1062287,0.1866177,733.42,2202,0,42,2
55011.25,69.205961,310.37369,249.0288,0.0008847,-0.0182985,652.15,3670,11,-36,3
55011.25,69.205919,310.372779,249.7252,-0.0490593,-0.0176348,811.3,2414,1,0,0
55011.5,69.205461,310.369893,234.9283,-0.009631,0.1916324,657.32,3538,5,120,1
55011.5,69.205649,310.373899,248.3906,0.0557866,0.0018041,654.85,3611,1,-40,3
55011.5,69.205602,310.372896,248.0186,0.0653508,0.0048134,937.45,2398,0,0,0
55011.75,69.205148,310.370095,237.4261,-0.0144915,0.1747765,630.86,3545,21,116,1
55011.75,69.205241,310.37207,245.2197,0.1577898,0.0220434,969.95,2243,0,38,2
55011.75,69.205333,310.374044,245.5571,0.0652662,0.1108438,695.29,3531,16,-41,3
55011.75,69.205285,310.373014,244.8573,0.1810343,-0.0857201,773.49,2359,0,0,0
55012,69.20483,310.370214,235.2078,0.0709205,0.1706683,777.37,3516,0,116,1
55012,69.204924,310.372188,242.2086,0.2043266,-0.0104333,779.55,2214,0,38,2
55012,69.205017,310.374162,243.3373,0.084595,0.1818431,631.25,3578,7,-41,3
55012,69.204968,310.373133,241.0106,0.1274463,-0.0825062,817.55,2343,0,0,0
55012.25,69.204513,310.370333,232.8417,0.159212,0.0979595,642.06,3476,36,116,1
55012.25,69.204607,310.372307,236.4158,0.0595521,-0.0325086,703.64,2233,0,38,2
55012.25,69.204701,310.374281,242.3249,0.0447501,0.2091391,597.67,3605,8,-41,3
55012.25,69.204652,310.373251,236.6877,0.0535777,0.0478174,653.51,2341,3,0,0
55012.5,69.204202,310.370565,229.545,0.1537697,0.097066,670.2,3587,37,112,1
55012.5,69.204295,310.372522,234.4387,0.0178807,0.0728341,558.95,2113,40,34,2
55012.5,69.204388,310.37448,242.6244,0.0056116,0.1984101,613.38,3530,4,-44,3
55012.5,69.204336,310.373371,236.4651,-0.0362559,0.0795163,671.57,2277,10,0,0
55012.75,69.203886,310.370689,226.4261,0.0372143,0.1393049,616.14,3590,15,112,1
55012.75,69.20398,310.372656,233.9107,0.0772124,0.1158726,595.39,2072,25,33,2
55012.75,69.204074,310.374623,241.9531,0.0512177,0.0887927,708.89,3572,10,-45,3
55012.75,69.20402,310.37349,237.0412,0.0140718,0.1180879,737.04,2266,3,0,0
55013,69.20357,310.370815,225.0223,0.0446736,0.1495267,635.38,3575,10,111,1
55013,69.203665,310.372794,232.0753,0.0640627,0.1022805,595.22,2166,21,33,2
55013,69.20376,310.374772,240.4443,0.1079874,0.0707531,676.8,3566,16,-46,3
55013,69.203704,310.37361,235.2662,0.0596697,0.1103613,731.33,2280,7,0,0
55013.25,69.203254,310.370936,223.5041,0.0519828,0.1156008,619.77,3539,22,111,1
55013.25,69.203349,310.372914,230.6388,0.0718712,0.118617,596.28,2111,6,33,2
55013.25,69.203445,310.374892,239.2263,0.0619871,0.0315656,792.03,3618,1,-46,3
55013.25,69.203389,310.373731,234.8115,0.0949149,0.135329,750.83,2245,0,0,0
55013.5,69.202939,310.371076,222.6049,0.0445892,0.0660863,568.15,3566,2,111,1
55013.5,69.203035,310.373059,229.7943,0.0409311,0.1282264,595.76,2112,4,32,2
55013.5,69.203131,310.375042,237.3838,-0.0032625,0.0651996,755.59,3621,14,-47,3
55013.5,69.203073,310.373852,233.4185,0.0380004,0.1138236,697.05,2257,2,0,0
55013.75,69.202625,310.371223,220.7264,0.0215829,0.0397232,504.86,3560,7,110,1
55013.75,69.202724,310.373257,229.6464,0.0286622,0.1350928,559.23,2252,6,29,2
55013.75,69.202823,310.375291,238.1589,-0.0135961,0.0942486,720.38,3518,3,-53,3
55013.75,69.202759,310.373973,232.7772,-0.0080537,0.105734,631.31,2282,0,0,0
55014,69.202314,310.371419,220.2147,0.0441446,0.0717956,448.31,3582,29,107,1
55014,69.202412,310.373427,229.8158,0.0151176,0.1432099,505.71,2154,3,27,2
55014,69.20251,310.375434,237.8065,0.0513724,0.033699,710.53,3515,5,-53,3
55014,69.202444,310.374094,233.1152,0.0247827,0.1380677,549.21,2226,3,0,0
55014.25,69.202004,310.371643,219.798,0.0559045,0.0927518,412.15,3640,28,103,1
55014.25,69.202101,310.373619,229.6161,0.0583351,0.1424869,444.21,2133,0,24,2
55014.25,69.202198,310.375595,236.0382,0.0892987,0.0130579,582.6,3476,17,-55,3
55014.25,69.20213,310.374216,232.216,0.0673688,0.1143246,444.6,2202,0,0,0
55014.5,69.201693,310.371817,218.7739,0.0316281,0.0928548,372.79,3666,33,100,1
55014.5,69.20179,310.373797,227.8772,0.0823292,0.1213818,422.33,2172,1,22,2
55014.5,69.201887,310.375778,233.6697,0.1004843,-0.0027536,493.96,3464,17,-57,3
55014.5,69.201816,310.374338,230.1373,0.0859898,0.1086729,409.89,2214,0,0,0
55014.75,69.201381,310.371964,218.7444,-0.0009769,0.0674482,427.21,3684,30,99,1
55014.75,69.201477,310.373934,226.8697,0.054712,0.1028097,411.32,2094,0,21,2
55014.75,69.201574,310.375904,231.4703,0.0249269,0.0127985,455.27,3520,5,-58,3
55014.75,69.201503,310.374459,228.695,0.0579739,0.0929267,398.53,2183,0,0,0
55015,69.201069,310.372118,219.0632,-0.0399663,0.0114552,386.24,3663,29,98,1
55015,69.201167,310.374109,225.0739,0.042571,0.0536925,459.44,2151,0,19,2
55015,69.201265,310.376101,229.7035,0.0398371,0.0377781,436.08,3489,4,-61,3
55015,69.20119,310.374581,226.2479,0.0622634,0.0715815,427.4,2177,0,0,0
55015.25,69.20076,310.372305,219.4964,-0.0273506,-0.0160153,354.3,3677,42,96,1
55015.25,69.200857,310.374295,223.2525,0.0574334,0.029625,428.7,2163,0,16,2
55015.25,69.200955,310.376285,228.1171,0.0596786,0.0536058,436.46,3475,3,-63,3
55015.25,69.200877,310.374702,224.0651,0.0699915,0.0336188,403.87,2206,0,0,0
55015.5,69.20045,310.37247,218.7614,0.0362645,-0.0423907,416.47,3673,68,94,1
55015.5,69.200548,310.374467,222.1327,0.0721438,0.0328307,404.08,2105,0,14,2
55015.5,69.200645,310.376464,226.792,0.0865237,0.0602967,425.82,3480,0,-65,3
55015.5,69.200565,310.374823,222.845,0.0664926,0.0295692,398.76,2135,1,0,0
55015.75,69.200143,310.372673,218.771,0.0407284,-0.0058315,419.01,3730,65,90,1
55015.75,69.200241,310.374684,221.6164,-0.0071306,0.0393527,403.31,2185,7,10,2
55015.75,69.200338,310.376695,225.0125,0.0408401,0.0319332,449.15,3407,0,-70,3
55015.75,69.200253,310.374944,222.1265,-0.0160042,0.0288414,382.45,2164,8,0,0
55016,69.199832,310.372805,217.8084,0.0167862,0.0408014,462.4,3779,6,90,1
55016,69.199931,310.374839,221.6055,-0.0144782,0.0764662,357.95,2167,24,9,2
55016,69.200029,310.376873,223.5363,0.0454934,-0.0149702,467.43,3430,0,-72,3
55016,69.199942,310.375064,222.3336,-0.0239349,0.0421617,357.53,2141,23,0,0
55016.25,69.199522,310.372932,216.4989,-0.0087021,0.0187441,478.02,3763,1,90,1
55016.25,69.199621,310.374983,220.8737,0.0528807,0.0561327,429.62,2162,7,8,2
55016.25,69.19972,310.377034,221.9552,0.0494378,-0.0244604,475.94,3432,2,-74,3
55016.25,69.199631,310.375183,221.4292,0.0506112,0.0247269,436.97,2111,8,0,0
55016.5,69.199218,310.373183,216.2546,0.0484748,0.0025606,435.38,3834,4,84,1
55016.5,69.199315,310.375202,220.0364,0.0835934,0.0287621,409.37,2160,9,4,2
55016.5,69.199412,310.37722,220.7315,0.0473716,-0.0549368,508.83,3373,1,-76,3
55016.5,69.19932,310.375302,220.2703,0.0839932,0.0171722,411.32,2145,10,0,0
55016.75,69.198909,310.373324,215.8191,0.0064058,-0.0095547,490.06,3822,6,84,1
55016.75,69.199005,310.375335,217.6704,0.0656549,0.0302054,444.03,2108,6,3,2
55016.75,69.199102,310.377346,218.366,0.0490418,-0.0361184,497.38,3431,1,-77,3
55016.75,69.19901,310.375421,217.7455,0.0684499,0.0275521,446.33,2104,6,0,0
55017,69.198599,310.373444,214.4599,0.012611,-0.0231944,511.79,3811,10,83,1
55017,69.198696,310.375457,214.9039,0.0489318,0.0413463,440.48,2133,5,3,2
55017,69.198793,310.37747,216.8558,0.052149,-0.0112135,469.59,3491,3,-77,3
55017,69.1987,310.375539,215.0248,0.047614,0.0451026,434.22,2124,6,0,0
55017.25,69.198292,310.373612,213.4596,0.0387627,-0.0030709,511.4,3853,7,81,1
55017.25,69.198389,310.375629,213.302,0.0704035,0.034235,452.21,2126,10,1,2
55017.25,69.198486,310.377647,215.1597,0.056693,-0.0402497,448.01,3462,8,-79,3
55017.25,69.19839,310.375657,213.3556,0.0701255,0.0364018,446.26,2120,11,0,0
55017.5,69.197981,310.373687,212.8147,0.0803394,0.0243746,462.73,3759,31,83,1
55017.5,69.198079,310.375722,211.2819,0.0591836,0.0139587,465.01,2112,12,2,2
55017.5,69.198177,310.377757,212.7269,0.0491777,-0.0106151,391.37,3488,36,-79,3
55017.5,69.198081,310.375774,211.2959,0.0619873,0.0224023,453.97,2071,16,0,0
